{
  "version": 1,
  "author": "Ray Nafi Salsabila Arindivah",
  "editor": "wokwi",
  "parts": [
    { "type": "board-esp32-devkit-c-v4", "id": "esp", "top": 0, "left": 0, "attrs": {} },
    {
      "type": "board-ssd1306",
      "id": "oled1",
      "top": -35.26,
      "left": 211.43,
      "attrs": { "i2cAddress": "0x3c" }
    },
    { "type": "wokwi-dht22", "id": "dht1", "top": -18.9, "left": -139.8, "attrs": {} },
    {
      "type": "wokwi-photoresistor-sensor",
      "id": "ldr1",
      "top": 166.4,
      "left": -220,
      "attrs": {}
    }
  ],
  "connections": [
    [ "esp:TX", "$serialMonitor:RX", "", [] ],
    [ "esp:RX", "$serialMonitor:TX", "", [] ],
    [ "ldr1:AO", "esp:34", "green", [ "h9.6", "v-144.7" ] ],
    [ "dht1:SDA", "esp:27", "green", [ "v0" ] ],
    [ "dht1:VCC", "esp:3V3", "red", [ "v38.4", "h57.6", "v-105.6" ] ],
    [ "oled1:GND", "esp:GND.2", "black", [ "h-76.8", "v19.2" ] ],
    [ "ldr1:GND", "esp:GND.3", "black", [ "v38", "h211.2", "v-144" ] ],
    [ "dht1:GND", "esp:GND.1", "black", [ "v57.6", "h100.61" ] ],
    [ "ldr1:VCC", "esp:3V3", "red", [ "v-86.4", "h52.61" ] ],
    [ "oled1:VCC", "esp:3V3", "red", [ "h-259.05", "v57.6" ] ],
    [ "oled1:SDA", "esp:21", "green", [ "h-76.73", "v67.2" ] ],
    [ "oled1:SCL", "esp:22", "green", [ "h-76.5", "v38.4" ] ]
  ],
  "dependencies": {}
}